[{"id":8623,"audioSrc":"322.mp3","text":"niece","practiceId":4,"orderIndex":0,"levelId":null,"definition":"a daughter of your brother or sister, or a daughter of your husband's or wife's brother or sister","compCategoryId":null,"partOfSpeech":"noun","meaning1":"a daughter of your brother or sister, or a daughter of your husband's or wife's brother or sister","_tmp1":"we're taking my ______ on vacation with us."},{"id":8740,"audioSrc":"439.mp3","text":"leader","practiceId":4,"orderIndex":1,"levelId":null,"definition":"a person in control of a group, country, or situation","compCategoryId":null,"partOfSpeech":"noun","meaning1":"a person in control of a group, country, or situation","_tmp1":"the russian ______ wants to introduce further changes."},{"id":8624,"audioSrc":"323.mp3","text":"groom","practiceId":4,"orderIndex":2,"levelId":null,"definition":"a man who is getting married","compCategoryId":null,"partOfSpeech":"noun","meaning1":"a man who is getting married","_tmp1":"the bride and______ were posing for pictures."},{"id":8774,"audioSrc":"473.mp3","text":"fitness","practiceId":4,"orderIndex":3,"levelId":null,"definition":"the condition of being physically strong and healthy","compCategoryId":null,"partOfSpeech":"noun","meaning1":"the condition of being physically strong and healthy","_tmp1":"i'm trying to improve my physical ______ by riding my bike to work."},{"id":8592,"audioSrc":"291.mp3","text":"dishwasher","practiceId":4,"orderIndex":4,"levelId":null,"definition":"a machine that washes dirty plates, cups, forks, etc.","compCategoryId":null,"partOfSpeech":"noun","meaning1":"a machine that washes dirty plates, cups, forks, etc.","_tmp1":"i was just loading the ______."},{"id":8750,"audioSrc":"449.mp3","text":"giraffe","practiceId":4,"orderIndex":5,"levelId":null,"definition":"a large african animal with a very long neck and long legs","compCategoryId":null,"partOfSpeech":"noun","meaning1":"a large african animal with a very long neck and long legs","_tmp1":"______ are the tallest land animals."},{"id":8717,"audioSrc":"416.mp3","text":"blond","practiceId":4,"orderIndex":6,"levelId":null,"definition":"with pale yellow hair","compCategoryId":null,"partOfSpeech":"adjective","meaning1":"with pale yellow hair","_tmp1":"______ hair"},{"id":8615,"audioSrc":"314.mp3","text":"credit","practiceId":4,"orderIndex":7,"levelId":null,"definition":"an amount owed to you and available for you to use on goods or for a service","compCategoryId":null,"partOfSpeech":"noun","meaning1":"an amount owed to you and available for you to use on goods or for a service","_tmp1":"the coat was the wrong size so i returned it and now i have a ______."},{"id":8672,"audioSrc":"371.mp3","text":"employment","practiceId":4,"orderIndex":8,"levelId":null,"definition":"when someone is paid to work for a company or organization","compCategoryId":null,"partOfSpeech":"noun","meaning1":"when someone is paid to work for a company or organization","_tmp1":"it's not easy to find ______ in the countryside."},{"id":8694,"audioSrc":"393.mp3","text":"coast","practiceId":4,"orderIndex":9,"levelId":null,"definition":"the land next to or close to the sea","compCategoryId":null,"partOfSpeech":"noun","meaning1":"the land next to or close to the sea","_tmp1":"rimini is a thriving holiday resort on the east ______ of italy."},{"id":8635,"audioSrc":"334.mp3","text":"password","practiceId":4,"orderIndex":10,"levelId":null,"definition":"a secret word that allows you to do something, such as use your computer","compCategoryId":null,"partOfSpeech":"noun","meaning1":"a secret word that allows you to do something, such as use your computer","_tmp1":"type in your ______."},{"id":8736,"audioSrc":"435.mp3","text":"reliable","practiceId":4,"orderIndex":11,"levelId":null,"definition":"able to be trusted or believed","compCategoryId":null,"partOfSpeech":"adjective","meaning1":"able to be trusted or believed","_tmp1":"gideon is very ______ - if he says he'll do something, he'll do it."},{"id":8801,"audioSrc":"500.mp3","text":"announce","practiceId":4,"orderIndex":12,"levelId":null,"definition":"to tell people about something officially or with force or confidence","compCategoryId":null,"partOfSpeech":"verb","meaning1":"to tell people about something officially or with force or confidence","_tmp1":"the company has ______plans to open six new stores."},{"id":8634,"audioSrc":"333.mp3","text":"hardware","practiceId":4,"orderIndex":13,"levelId":null,"definition":"the physical and electronic parts of a computer, rather than the programs","compCategoryId":null,"partOfSpeech":"noun","meaning1":"the physical and electronic parts of a computer, rather than the programs","_tmp1":"we need to include new ______ in our budget."},{"id":8632,"audioSrc":"331.mp3","text":"webcam","practiceId":4,"orderIndex":14,"levelId":null,"definition":"a camera that records moving pictures and sounds and allows these to be shown on the internet as they happen","compCategoryId":null,"partOfSpeech":"noun","meaning1":"a camera that records moving pictures and sounds and allows these to be shown on the internet as they happen","_tmp1":"i see my grandchildren via the______."},{"id":8671,"audioSrc":"370.mp3","text":"instructor","practiceId":4,"orderIndex":15,"levelId":null,"definition":"someone who teaches a particular sport or activity","compCategoryId":null,"partOfSpeech":"noun","meaning1":"someone who teaches a particular sport or activity","_tmp1":"a driving ______"},{"id":8726,"audioSrc":"425.mp3","text":"brilliant","practiceId":4,"orderIndex":16,"levelId":null,"definition":"extremely intelligent or very skillful","compCategoryId":null,"partOfSpeech":"adjective","meaning1":"extremely intelligent or very skillful","_tmp1":"a ______ mathematician"},{"id":8614,"audioSrc":"313.mp3","text":"financial","practiceId":4,"orderIndex":17,"levelId":null,"definition":"relating to money or how money is managed","compCategoryId":null,"partOfSpeech":"adjective","meaning1":"relating to money or how money is managed","_tmp1":"they're having a few ______ difficulties at the moment."},{"id":8568,"audioSrc":"267.mp3","text":"amusing","practiceId":4,"orderIndex":18,"levelId":null,"definition":"funny or entertaining","compCategoryId":null,"partOfSpeech":"adjective","meaning1":"funny or entertaining","_tmp1":"an ______ story/person/situation"},{"id":8727,"audioSrc":"426.mp3","text":"intelligent","practiceId":4,"orderIndex":19,"levelId":null,"definition":"able to learn and understand things easily","compCategoryId":null,"partOfSpeech":"adjective","meaning1":"able to learn and understand things easily","_tmp1":"helen had a few ______ things to say on the subject."},{"id":8699,"audioSrc":"398.mp3","text":"deliver","practiceId":4,"orderIndex":20,"levelId":null,"definition":"to take things such as goods, letters, or packages to people's houses or places of work","compCategoryId":null,"partOfSpeech":"verb","meaning1":"to take things such as goods, letters, or packages to people's houses or places of work","_tmp1":"the store is ______ our new table on thursday."},{"id":8697,"audioSrc":"396.mp3","text":"knock","practiceId":4,"orderIndex":21,"levelId":null,"definition":"to repeatedly hit something, making a noise","compCategoryId":null,"partOfSpeech":"verb","meaning1":"to repeatedly hit something, making a noise","_tmp1":"there's someone ______ing on/at the door."},{"id":8685,"audioSrc":"384.mp3","text":"pollution","practiceId":4,"orderIndex":22,"levelId":null,"definition":"damage caused to water, air, etc. by harmful substances or waste","compCategoryId":null,"partOfSpeech":"noun","meaning1":"damage caused to water, air, etc. by harmful substances or waste","_tmp1":"air/water ______"},{"id":8639,"audioSrc":"338.mp3","text":"server","practiceId":4,"orderIndex":23,"levelId":null,"definition":"a central computer from which other computers get information","compCategoryId":null,"partOfSpeech":"noun","meaning1":"a central computer from which other computers get information","_tmp1":"a network/file ______"},{"id":8552,"audioSrc":"251.mp3","text":"prisoner","practiceId":4,"orderIndex":24,"levelId":null,"definition":"a person who is kept in jail as a punishment","compCategoryId":null,"partOfSpeech":"noun","meaning1":"a person who is kept in jail as a punishment","_tmp1":"_____ climbed onto the roof to protest the conditions inside."},{"id":8715,"audioSrc":"414.mp3","text":"youth","practiceId":4,"orderIndex":25,"levelId":null,"definition":"young people generally","compCategoryId":null,"partOfSpeech":"noun","meaning1":"young people generally","_tmp1":"a ______ club"},{"id":8626,"audioSrc":"325.mp3","text":"couple","practiceId":4,"orderIndex":26,"levelId":null,"definition":"two people who are married or in a romantic or sexual relationship, or two people who are together for a particular purpose","compCategoryId":null,"partOfSpeech":"noun","meaning1":"two people who are married or in a romantic or sexual relationship, or two people who are together for a particular purpose","_tmp1":"a young ______ walked into the bar."},{"id":8599,"audioSrc":"298.mp3","text":"monument","practiceId":4,"orderIndex":27,"levelId":null,"definition":"an old building or place that is important in history","compCategoryId":null,"partOfSpeech":"noun","meaning1":"an old building or place that is important in history","_tmp1":"an ancient ______"},{"id":8660,"audioSrc":"359.mp3","text":"firefighter","practiceId":4,"orderIndex":28,"levelId":null,"definition":"a person whose job is to stop fires from burning","compCategoryId":null,"partOfSpeech":"noun","meaning1":"a person whose job is to stop fires from burning","_tmp1":"my cousin mark is a ______."},{"id":8600,"audioSrc":"299.mp3","text":"architecture","practiceId":4,"orderIndex":29,"levelId":null,"definition":"the design and style of buildings","compCategoryId":null,"partOfSpeech":"noun","meaning1":"the design and style of buildings","_tmp1":"modern ______"},{"id":8661,"audioSrc":"360.mp3","text":"employer","practiceId":4,"orderIndex":30,"levelId":null,"definition":"a person or organization that hires people","compCategoryId":null,"partOfSpeech":"noun","meaning1":"a person or organization that hires people","_tmp1":"we need a reference from your former______"},{"id":8766,"audioSrc":"465.mp3","text":"character","practiceId":4,"orderIndex":31,"levelId":null,"definition":"a person represented in a film, play or story","compCategoryId":null,"partOfSpeech":"noun","meaning1":"a person represented in a film, play or story","_tmp1":"the story revolves around three main ______."},{"id":8679,"audioSrc":"378.mp3","text":"squash","practiceId":4,"orderIndex":32,"levelId":null,"definition":"a sport in which two people hit a small rubber ball against the four walls of a room","compCategoryId":null,"partOfSpeech":"noun","meaning1":"a sport in which two people hit a small rubber ball against the four walls of a room","_tmp1":"a game of ______"},{"id":8731,"audioSrc":"430.mp3","text":"stupid","practiceId":4,"orderIndex":33,"levelId":null,"definition":"silly or not intelligent","compCategoryId":null,"partOfSpeech":"adjective","meaning1":"silly or not intelligent","_tmp1":"i just made a ______ mistake."},{"id":8567,"audioSrc":"266.mp3","text":"maximum","practiceId":4,"orderIndex":34,"levelId":null,"definition":"the ______ amount of something is the largest amount that is allowed or possible.","compCategoryId":null,"partOfSpeech":"noun","meaning1":"the ______ amount of something is the largest amount that is allowed or possible.","_tmp1":"the bomb was designed to cause the______ amount of damage."},{"id":8777,"audioSrc":"476.mp3","text":"painful","practiceId":4,"orderIndex":35,"levelId":null,"definition":"hurting","compCategoryId":null,"partOfSpeech":"adjective","meaning1":"hurting","_tmp1":"a ______ injury forced her to leave the game."},{"id":8765,"audioSrc":"464.mp3","text":"festival","practiceId":4,"orderIndex":36,"levelId":null,"definition":"a series of special events, performances, etc. that often takes place over several days","compCategoryId":null,"partOfSpeech":"noun","meaning1":"a series of special events, performances, etc. that often takes place over several days","_tmp1":"the aldeburgh ______ is held every year in june."},{"id":8714,"audioSrc":"413.mp3","text":"beautifully","practiceId":4,"orderIndex":37,"levelId":null,"definition":"in a way that is pretty","compCategoryId":null,"partOfSpeech":"adverb","meaning1":"in a way that is pretty","_tmp1":"she dresses ______."},{"id":8652,"audioSrc":"351.mp3","text":"campsite","practiceId":4,"orderIndex":38,"levelId":null,"definition":"an space where a person can put a tent and other equipment and stay on vacation","compCategoryId":null,"partOfSpeech":"noun","meaning1":"an space where a person can put a tent and other equipment and stay on vacation","_tmp1":"the ______ was near the beach."},{"id":8702,"audioSrc":"401.mp3","text":"exchange","practiceId":4,"orderIndex":39,"levelId":null,"definition":"when you give something to someone and they give you something else","compCategoryId":null,"partOfSpeech":"noun","meaning1":"when you give something to someone and they give you something else","_tmp1":"they were given food and shelter in ______ for work."},{"id":8587,"audioSrc":"286.mp3","text":"frozen","practiceId":4,"orderIndex":40,"levelId":null,"definition":"turned into ice","compCategoryId":null,"partOfSpeech":"adjective","meaning1":"turned into ice","_tmp1":"chop the mushrooms and put them in the ______."},{"id":8625,"audioSrc":"324.mp3","text":"ceremony","practiceId":4,"orderIndex":41,"levelId":null,"definition":"a formal event that is performed on important social or religious occasions","compCategoryId":null,"partOfSpeech":"noun","meaning1":"a formal event that is performed on important social or religious occasions","_tmp1":"a wedding/graduation ______"},{"id":8588,"audioSrc":"287.mp3","text":"vegetarian","practiceId":4,"orderIndex":42,"levelId":null,"definition":"someone who does not eat meat or fish","compCategoryId":null,"partOfSpeech":"noun","meaning1":"someone who does not eat meat or fish","_tmp1":"they skated over the _____ lake."},{"id":8591,"audioSrc":"290.mp3","text":"peanut","practiceId":4,"orderIndex":43,"levelId":null,"definition":"an oval-shaped nut with a thin brown shell","compCategoryId":null,"partOfSpeech":"noun","meaning1":"an oval-shaped nut with a thin brown shell","_tmp1":"______ oil"},{"id":8757,"audioSrc":"456.mp3","text":"statue","practiceId":4,"orderIndex":44,"levelId":null,"definition":"a model that looks like a person or animal, usually made from stone or metal","compCategoryId":null,"partOfSpeech":"noun","meaning1":"a model that looks like a person or animal, usually made from stone or metal","_tmp1":"a ______ of a boy"},{"id":8703,"audioSrc":"402.mp3","text":"achieve","practiceId":4,"orderIndex":45,"levelId":null,"definition":"to succeed in doing something good, usually by working hard","compCategoryId":null,"partOfSpeech":"verb","meaning1":"to succeed in doing something good, usually by working hard","_tmp1":"she finally ______ her goal to visit south america."},{"id":8800,"audioSrc":"499.mp3","text":"diagram","practiceId":4,"orderIndex":46,"levelId":null,"definition":"a simple picture showing what something looks like or explaining something","compCategoryId":null,"partOfSpeech":"noun","meaning1":"a simple picture showing what something looks like or explaining something","_tmp1":"the teacher drew a ______ showing how the blood flows through the heart."},{"id":8790,"audioSrc":"489.mp3","text":"demand","practiceId":4,"orderIndex":47,"levelId":null,"definition":"to ask for something in a way that shows that you do not expect to be refused","compCategoryId":null,"partOfSpeech":"verb","meaning1":"to ask for something in a way that shows that you do not expect to be refused","_tmp1":"she ______ that he return the books he borrowed from her."},{"id":8573,"audioSrc":"272.mp3","text":"quantity","practiceId":4,"orderIndex":48,"levelId":null,"definition":"the amount or number of something","compCategoryId":null,"partOfSpeech":"noun","meaning1":"the amount or number of something","_tmp1":"we consume vast ______ of sugar in this country."},{"id":8730,"audioSrc":"429.mp3","text":"charming","practiceId":4,"orderIndex":49,"levelId":null,"definition":"pleasant and attractive","compCategoryId":null,"partOfSpeech":"adjective","meaning1":"pleasant and attractive","_tmp1":"he's very ______."},{"id":8716,"audioSrc":"415.mp3","text":"handsome","practiceId":4,"orderIndex":50,"levelId":null,"definition":"a ______ man is attractive.","compCategoryId":null,"partOfSpeech":"adjective","meaning1":"a ______ man is attractive.","_tmp1":"she's hoping that she'll meet a tall, dark, ______ stranger."},{"id":8767,"audioSrc":"466.mp3","text":"biography","practiceId":4,"orderIndex":51,"levelId":null,"definition":"the life story of a person written by someone else","compCategoryId":null,"partOfSpeech":"noun","meaning1":"the life story of a person written by someone else","_tmp1":"he wrote a ______ of winston churchill."},{"id":8596,"audioSrc":"295.mp3","text":"cottage","practiceId":4,"orderIndex":52,"levelId":null,"definition":"a small house, usually in the countryside","compCategoryId":null,"partOfSpeech":"noun","meaning1":"a small house, usually in the countryside","_tmp1":"they live in a country _______, with roses around the door."},{"id":8571,"audioSrc":"270.mp3","text":"incredible","practiceId":4,"orderIndex":53,"levelId":null,"definition":"very good, exciting or large","compCategoryId":null,"partOfSpeech":"adjective","meaning1":"very good, exciting or large","_tmp1":"we had an ______ time that summer."},{"id":8621,"audioSrc":"320.mp3","text":"divorce","practiceId":4,"orderIndex":54,"levelId":null,"definition":"when two people officially stop being married","compCategoryId":null,"partOfSpeech":"noun","meaning1":"when two people officially stop being married","_tmp1":"the last i heard they were getting a ______."},{"id":8748,"audioSrc":"447.mp3","text":"butterfly","practiceId":4,"orderIndex":55,"levelId":null,"definition":"an insect with large, patterned wings","compCategoryId":null,"partOfSpeech":"noun","meaning1":"an insect with large, patterned wings","_tmp1":"a ______ landed on her sleeve for a moment."},{"id":8782,"audioSrc":"481.mp3","text":"collar","practiceId":4,"orderIndex":56,"levelId":null,"definition":"the part of a shirt, coat, etc. that is usually folded over and goes round your neck","compCategoryId":null,"partOfSpeech":"noun","meaning1":"the part of a shirt, coat, etc. that is usually folded over and goes round your neck","_tmp1":"a dog ______"},{"id":8739,"audioSrc":"438.mp3","text":"election","practiceId":4,"orderIndex":57,"levelId":null,"definition":"a time when people vote in order to choose someone for a political or official job","compCategoryId":null,"partOfSpeech":"noun","meaning1":"a time when people vote in order to choose someone for a political or official job","_tmp1":"a presidential ______"},{"id":8655,"audioSrc":"354.mp3","text":"tourism","practiceId":4,"orderIndex":58,"levelId":null,"definition":"the business of providing services for tourists, including organizing their travel, hotels, entertainment, etc.","compCategoryId":null,"partOfSpeech":"noun","meaning1":"the business of providing services for tourists, including organizing their travel, hotels, entertainment, etc.","_tmp1":"______ is venice's main industry."},{"id":8687,"audioSrc":"386.mp3","text":"sunshine","practiceId":4,"orderIndex":59,"levelId":null,"definition":"the light and heat that come from the _____","compCategoryId":null,"partOfSpeech":"noun","meaning1":"the light and heat that come from the _____","_tmp1":"the children were out playing in the ______."},{"id":8683,"audioSrc":"382.mp3","text":"climate","practiceId":4,"orderIndex":60,"levelId":null,"definition":"the weather conditions that an area usually has","compCategoryId":null,"partOfSpeech":"noun","meaning1":"the weather conditions that an area usually has","_tmp1":"a hot/dry/cold/wet ______"},{"id":8707,"audioSrc":"406.mp3","text":"arrangement","practiceId":4,"orderIndex":61,"levelId":null,"definition":"plans for how something will happen","compCategoryId":null,"partOfSpeech":"verb","meaning1":"plans for how something will happen","_tmp1":"they'd made all the ______ for the party."},{"id":8629,"audioSrc":"328.mp3","text":"product","practiceId":4,"orderIndex":62,"levelId":null,"definition":"something that is made or grown to be sold","compCategoryId":null,"partOfSpeech":"noun","meaning1":"something that is made or grown to be sold","_tmp1":"i'm trying to cut down on dairy ______."},{"id":8746,"audioSrc":"445.mp3","text":"creature","practiceId":4,"orderIndex":63,"levelId":null,"definition":"anything that lives but is not a plant","compCategoryId":null,"partOfSpeech":"noun","meaning1":"anything that lives but is not a plant","_tmp1":"rain forests are filled with amazing ______."},{"id":8789,"audioSrc":"488.mp3","text":"interrupt","practiceId":4,"orderIndex":64,"levelId":null,"definition":"to stop someone while they are talking or doing something, by saying or doing something yourself","compCategoryId":null,"partOfSpeech":"verb","meaning1":"to stop someone while they are talking or doing something, by saying or doing something yourself","_tmp1":"she tried to explain what had happened but he kept ______ her."},{"id":8580,"audioSrc":"279.mp3","text":"pupil","practiceId":4,"orderIndex":65,"levelId":null,"definition":"a person who is being taught, especially in a class","compCategoryId":null,"partOfSpeech":"noun","meaning1":"a person who is being taught, especially in a class","_tmp1":"the number of_____ in the school system is growing."},{"id":8760,"audioSrc":"459.mp3","text":"intermission","practiceId":4,"orderIndex":66,"levelId":null,"definition":"a short period of time between the parts of a play, performance, etc.","compCategoryId":null,"partOfSpeech":"noun","meaning1":"a short period of time between the parts of a play, performance, etc.","_tmp1":"the show \"zorro\" had only one ______ of 20 minutes."},{"id":8561,"audioSrc":"260.mp3","text":"narrow","practiceId":4,"orderIndex":67,"levelId":null,"definition":"_____ things measure a small distance from one side to the other.","compCategoryId":null,"partOfSpeech":"adjective","meaning1":"_____ things measure a small distance from one side to the other.","_tmp1":"_____ streets"},{"id":8656,"audioSrc":"355.mp3","text":"career","practiceId":4,"orderIndex":68,"levelId":null,"definition":"the job or series of jobs that you do during your working life, especially if you continue to get better jobs and earn more money","compCategoryId":null,"partOfSpeech":"noun","meaning1":"the job or series of jobs that you do during your working life, especially if you continue to get better jobs and earn more money","_tmp1":"he hasn't yet chosen a ______."},{"id":8788,"audioSrc":"487.mp3","text":"encourage","practiceId":4,"orderIndex":69,"levelId":null,"definition":"to make someone more likely to do something, or to make something more likely to happen","compCategoryId":null,"partOfSpeech":"verb","meaning1":"to make someone more likely to do something, or to make something more likely to happen","_tmp1":"we were ______ to learn foreign languages in school."},{"id":8705,"audioSrc":"404.mp3","text":"decorate","practiceId":4,"orderIndex":70,"levelId":null,"definition":"to add something to or change an object or place to make it attractive","compCategoryId":null,"partOfSpeech":"verb","meaning1":"to add something to or change an object or place to make it attractive","_tmp1":"they ______ the hall with balloons and colorful flags"},{"id":8747,"audioSrc":"446.mp3","text":"mosquito","practiceId":4,"orderIndex":71,"levelId":null,"definition":"a small flying insect that sucks your blood, sometimes causing malaria","compCategoryId":null,"partOfSpeech":"noun","meaning1":"a small flying insect that sucks your blood, sometimes causing malaria","_tmp1":"______ bites."},{"id":8692,"audioSrc":"391.mp3","text":"bottom","practiceId":4,"orderIndex":72,"levelId":null,"definition":"the lowest part of something","compCategoryId":null,"partOfSpeech":"noun","meaning1":"the lowest part of something","_tmp1":"he stood at the_____ of the stairs and called up to me."},{"id":8620,"audioSrc":"319.mp3","text":"partner","practiceId":4,"orderIndex":73,"levelId":null,"definition":"either of a pair of people engaged together in the same activity.","compCategoryId":null,"partOfSpeech":"noun","meaning1":"either of a pair of people engaged together in the same activity.","_tmp1":"______ are not invited to the office party."},{"id":8657,"audioSrc":"356.mp3","text":"officer","practiceId":4,"orderIndex":74,"levelId":null,"definition":"a person who has a position of authority in an organization","compCategoryId":null,"partOfSpeech":"noun","meaning1":"a person who has a position of authority in an organization","_tmp1":"i had an interview with the university admissions ______."},{"id":8755,"audioSrc":"454.mp3","text":"performance","practiceId":4,"orderIndex":75,"levelId":null,"definition":"acting, dancing, singing, or playing music to entertain people","compCategoryId":null,"partOfSpeech":"noun","meaning1":"acting, dancing, singing, or playing music to entertain people","_tmp1":"she gave a superb ______ as lady macbeth."},{"id":8581,"audioSrc":"280.mp3","text":"review","practiceId":4,"orderIndex":76,"levelId":null,"definition":"to study a subject before you take a test","compCategoryId":null,"partOfSpeech":"verb","meaning1":"to study a subject before you take a test","_tmp1":"there will be time in class tomorrow to ______ before the quiz."},{"id":8771,"audioSrc":"470.mp3","text":"tablet","practiceId":4,"orderIndex":77,"levelId":null,"definition":"a small, round object containing medicine that you swallow","compCategoryId":null,"partOfSpeech":"noun","meaning1":"a small, round object containing medicine that you swallow","_tmp1":"sleeping ______."},{"id":8583,"audioSrc":"282.mp3","text":"period","practiceId":4,"orderIndex":78,"levelId":null,"definition":"a length of time","compCategoryId":null,"partOfSpeech":"noun","meaning1":"a length of time","_tmp1":"her work means that she spends long ______away from home."},{"id":8708,"audioSrc":"407.mp3","text":"handle","practiceId":4,"orderIndex":79,"levelId":null,"definition":"to deal with something","compCategoryId":null,"partOfSpeech":"verb","meaning1":"to deal with something","_tmp1":"i thought he ______ the problem/situation very well."},{"id":8791,"audioSrc":"490.mp3","text":"questionnaire","practiceId":4,"orderIndex":80,"levelId":null,"definition":"a set of questions asked of a large number of people to discover information about a subject","compCategoryId":null,"partOfSpeech":"noun","meaning1":"a set of questions asked of a large number of people to discover information about a subject","_tmp1":"residents have been sent ______ about their homes and energy use."},{"id":8575,"audioSrc":"274.mp3","text":"elementary","practiceId":4,"orderIndex":81,"levelId":null,"definition":"basic or relating to the early stages of studying a subject","compCategoryId":null,"partOfSpeech":"adjective","meaning1":"basic or relating to the early stages of studying a subject","_tmp1":"students at ______ level"},{"id":8795,"audioSrc":"494.mp3","text":"fortunately","practiceId":4,"orderIndex":82,"levelId":null,"definition":"happening because of good luck","compCategoryId":null,"partOfSpeech":"adverb","meaning1":"happening because of good luck","_tmp1":"______, we got home before it started to rain."},{"id":8564,"audioSrc":"263.mp3","text":"magnificent","practiceId":4,"orderIndex":83,"levelId":null,"definition":"very good or very beautiful","compCategoryId":null,"partOfSpeech":"adjective","meaning1":"very good or very beautiful","_tmp1":"they live in a ______ old house."},{"id":8643,"audioSrc":"342.mp3","text":"departure","practiceId":4,"orderIndex":84,"levelId":null,"definition":"when someone or something leaves a place, especially to start a journey to another place","compCategoryId":null,"partOfSpeech":"noun","meaning1":"when someone or something leaves a place, especially to start a journey to another place","_tmp1":"our______ was delayed because of bad weather."},{"id":8590,"audioSrc":"289.mp3","text":"cucumber","practiceId":4,"orderIndex":85,"levelId":null,"definition":"a long, green vegetable that you eat raw in salads","compCategoryId":null,"partOfSpeech":"noun","meaning1":"a long, green vegetable that you eat raw in salads","_tmp1":"sliced ______"},{"id":8602,"audioSrc":"301.mp3","text":"balcony","practiceId":4,"orderIndex":86,"levelId":null,"definition":"a small area joined to the wall outside an upper room where you can stand or sit","compCategoryId":null,"partOfSpeech":"noun","meaning1":"a small area joined to the wall outside an upper room where you can stand or sit","_tmp1":"we had a drink out on the ______ and watched the sunset."},{"id":8783,"audioSrc":"482.mp3","text":"underpants","practiceId":4,"orderIndex":87,"levelId":null,"definition":"a piece of underwear that covers the area between your waist and the top of your legs","compCategoryId":null,"partOfSpeech":"noun","meaning1":"a piece of underwear that covers the area between your waist and the top of your legs","_tmp1":"i need some new ______."},{"id":8560,"audioSrc":"259.mp3","text":"pattern","practiceId":4,"orderIndex":88,"levelId":null,"definition":"a design of lines, shapes, colors, etc.","compCategoryId":null,"partOfSpeech":"noun","meaning1":"a design of lines, shapes, colors, etc.","_tmp1":"the carpet was very old and had an unusual ______."},{"id":8646,"audioSrc":"345.mp3","text":"ferry","practiceId":4,"orderIndex":89,"levelId":null,"definition":"a boat that regularly carries passengers and often vehicles across an area of water","compCategoryId":null,"partOfSpeech":"noun","meaning1":"a boat that regularly carries passengers and often vehicles across an area of water","_tmp1":"we took the ______ to staten island."},{"id":8572,"audioSrc":"271.mp3","text":"dozen","practiceId":4,"orderIndex":90,"levelId":null,"definition":"twelve","compCategoryId":null,"partOfSpeech":"noun","meaning1":"twelve","_tmp1":"a ______ eggs"},{"id":8773,"audioSrc":"472.mp3","text":"pregnant","practiceId":4,"orderIndex":91,"levelId":null,"definition":"a ______ woman has a baby developing inside her uterus.","compCategoryId":null,"partOfSpeech":"adjective","meaning1":"a ______ woman has a baby developing inside her uterus.","_tmp1":"she's five and a half months ______."},{"id":8758,"audioSrc":"457.mp3","text":"trumpet","practiceId":4,"orderIndex":92,"levelId":null,"definition":"a metal musical instrument that you play by blowing into it and pressing buttons to make different notes","compCategoryId":null,"partOfSpeech":"noun","meaning1":"a metal musical instrument that you play by blowing into it and pressing buttons to make different notes","_tmp1":"liz used to play the ______."},{"id":8559,"audioSrc":"258.mp3","text":"antique","practiceId":4,"orderIndex":93,"levelId":null,"definition":"an object that is old, and often rare or beautiful","compCategoryId":null,"partOfSpeech":"adjective","meaning1":"an object that is old, and often rare or beautiful","_tmp1":"my mother collects ______."},{"id":8633,"audioSrc":"332.mp3","text":"equipment","practiceId":4,"orderIndex":94,"levelId":null,"definition":"the set of necessary tools, clothing, etc. for a particular purpose","compCategoryId":null,"partOfSpeech":"noun","meaning1":"the set of necessary tools, clothing, etc. for a particular purpose","_tmp1":"this is a really useful piece of ______."},{"id":8618,"audioSrc":"317.mp3","text":"romance","practiceId":4,"orderIndex":95,"levelId":null,"definition":"a close relationship between two people who are in love with each other","compCategoryId":null,"partOfSpeech":"noun","meaning1":"a close relationship between two people who are in love with each other","_tmp1":"their three-year______ never went smoothly."},{"id":8606,"audioSrc":"305.mp3","text":"bathtub","practiceId":4,"orderIndex":96,"levelId":null,"definition":"the container that you sit or lie in to wash your body","compCategoryId":null,"partOfSpeech":"noun","meaning1":"the container that you sit or lie in to wash your body","_tmp1":"did you clean the ______?"},{"id":8563,"audioSrc":"262.mp3","text":"disgusting","practiceId":4,"orderIndex":97,"levelId":null,"definition":"extremely unpleasant or unacceptable","compCategoryId":null,"partOfSpeech":"adjective","meaning1":"extremely unpleasant or unacceptable","_tmp1":"passengers were kept for hours in a ______ waiting room."},{"id":8605,"audioSrc":"304.mp3","text":"cupboard","practiceId":4,"orderIndex":98,"levelId":null,"definition":"a cabinet with shelves inside used for storing things","compCategoryId":null,"partOfSpeech":"noun","meaning1":"a cabinet with shelves inside used for storing things","_tmp1":"i've put ______ my grandmother gave me in the entry hall."},{"id":8799,"audioSrc":"498.mp3","text":"persuade","practiceId":4,"orderIndex":99,"levelId":null,"definition":"to make someone agree to do something by talking to them a lot about it","compCategoryId":null,"partOfSpeech":"verb","meaning1":"to make someone agree to do something by talking to them a lot about it","_tmp1":"he is trying to ______ local and foreign businesses to invest in the project."},{"id":8684,"audioSrc":"383.mp3","text":"branch","practiceId":4,"orderIndex":100,"levelId":null,"definition":"one of the many parts of a tree that grows out from its trunk","compCategoryId":null,"partOfSpeech":"noun","meaning1":"one of the many parts of a tree that grows out from its trunk","_tmp1":"birds often make nests in the top ______ of the tree."},{"id":8569,"audioSrc":"268.mp3","text":"underneath","practiceId":4,"orderIndex":101,"levelId":null,"definition":"below something","compCategoryId":null,"partOfSpeech":"preposition","meaning1":"below something","_tmp1":"the tunnel goes right ______ the bay."},{"id":8709,"audioSrc":"408.mp3","text":"rescue","practiceId":4,"orderIndex":102,"levelId":null,"definition":"to save someone from a dangerous or unpleasant situation","compCategoryId":null,"partOfSpeech":"verb","meaning1":"to save someone from a dangerous or unpleasant situation","_tmp1":"fifty passengers had to be ______ from a sinking ship."},{"id":8798,"audioSrc":"497.mp3","text":"recommend","practiceId":4,"orderIndex":103,"levelId":null,"definition":"to say that someone or something is good or suitable for a particular purpose","compCategoryId":null,"partOfSpeech":"verb","meaning1":"to say that someone or something is good or suitable for a particular purpose","_tmp1":"peter had ______a restaurant to us."},{"id":8681,"audioSrc":"380.mp3","text":"captain","practiceId":4,"orderIndex":104,"levelId":null,"definition":"the leader of a sports team","compCategoryId":null,"partOfSpeech":"noun","meaning1":"the leader of a sports team","_tmp1":"it's unusual to have a goalkeeper as the team ______."},{"id":8675,"audioSrc":"374.mp3","text":"track","practiceId":4,"orderIndex":105,"levelId":null,"definition":"a path, often circular, used for races","compCategoryId":null,"partOfSpeech":"noun","meaning1":"a path, often circular, used for races","_tmp1":"the runners are now on their final lap of the ______."},{"id":8593,"audioSrc":"292.mp3","text":"saucer","practiceId":4,"orderIndex":106,"levelId":null,"definition":"a small plate that you put under a cup","compCategoryId":null,"partOfSpeech":"noun","meaning1":"a small plate that you put under a cup","_tmp1":"a cup and ______"},{"id":8609,"audioSrc":"308.mp3","text":"admission","practiceId":4,"orderIndex":107,"levelId":null,"definition":"the money that you pay to enter a place or an event","compCategoryId":null,"partOfSpeech":"noun","meaning1":"the money that you pay to enter a place or an event","_tmp1":"they are charging more for ______ to the festival this year."},{"id":8631,"audioSrc":"330.mp3","text":"leisure","practiceId":4,"orderIndex":108,"levelId":null,"definition":"the time when you are not working","compCategoryId":null,"partOfSpeech":"noun","meaning1":"the time when you are not working","_tmp1":"most people have a limited amount of ______ time."},{"id":8780,"audioSrc":"479.mp3","text":"sandal","practiceId":4,"orderIndex":109,"levelId":null,"definition":"a light shoe with straps that you wear in warm weather","compCategoryId":null,"partOfSpeech":"noun","meaning1":"a light shoe with straps that you wear in warm weather","_tmp1":"a pair of ______"},{"id":8682,"audioSrc":"381.mp3","text":"defense","practiceId":4,"orderIndex":110,"levelId":null,"definition":"the part of a sports team which tries to prevent the other team from scoring points","compCategoryId":null,"partOfSpeech":"noun","meaning1":"the part of a sports team which tries to prevent the other team from scoring points","_tmp1":"i'm best playing ______."},{"id":8723,"audioSrc":"422.mp3","text":"nervous","practiceId":4,"orderIndex":111,"levelId":null,"definition":"worried or anxious","compCategoryId":null,"partOfSpeech":"adjective","meaning1":"worried or anxious","_tmp1":"he gets very ______ before exams."},{"id":8668,"audioSrc":"367.mp3","text":"guard","practiceId":4,"orderIndex":112,"levelId":null,"definition":"someone whose job is to protect a person, place or thing from danger or attack, or to prevent a person such as a criminal from escaping","compCategoryId":null,"partOfSpeech":"noun","meaning1":"someone whose job is to protect a person, place or thing from danger or attack, or to prevent a person such as a criminal from escaping","_tmp1":"the frontier is patrolled by border______."},{"id":8586,"audioSrc":"285.mp3","text":"barbecued","practiceId":4,"orderIndex":113,"levelId":null,"definition":"a meal or gathering at which meat, fish, or other food is cooked out of doors on a rack over an open fire or on a special appliance.","compCategoryId":null,"partOfSpeech":"adjective","meaning1":"a meal or gathering at which meat, fish, or other food is cooked out of doors on a rack over an open fire or on a special appliance.","_tmp1":"______ chicken/fish"},{"id":8712,"audioSrc":"411.mp3","text":"elderly","practiceId":4,"orderIndex":114,"levelId":null,"definition":"a more polite word for \"old,\" used to describe people","compCategoryId":null,"partOfSpeech":"adjective","meaning1":"a more polite word for \"old,\" used to describe people","_tmp1":"______ relatives/parents"},{"id":8693,"audioSrc":"392.mp3","text":"continent","practiceId":4,"orderIndex":115,"levelId":null,"definition":"one of the seven main areas of land on the earth, such as africa, asia, europe or south america","compCategoryId":null,"partOfSpeech":"noun","meaning1":"one of the seven main areas of land on the earth, such as africa, asia, europe or south america","_tmp1":"asia and africa are the two biggest ______."},{"id":8770,"audioSrc":"469.mp3","text":"temperature","practiceId":4,"orderIndex":116,"levelId":null,"definition":"how hot or cold someone's body is","compCategoryId":null,"partOfSpeech":"noun","meaning1":"how hot or cold someone's body is","_tmp1":"the doctor examined him and took his ______."},{"id":8574,"audioSrc":"273.mp3","text":"curriculum","practiceId":4,"orderIndex":117,"levelId":null,"definition":"the group of subjects studied in a school, college, etc.","compCategoryId":null,"partOfSpeech":"noun","meaning1":"the group of subjects studied in a school, college, etc.","_tmp1":"the school ______"},{"id":8701,"audioSrc":"400.mp3","text":"continue","practiceId":4,"orderIndex":118,"levelId":null,"definition":"to keep happening, existing or doing something","compCategoryId":null,"partOfSpeech":"verb","meaning1":"to keep happening, existing or doing something","_tmp1":"i'll ______ working until the end of june."},{"id":8695,"audioSrc":"394.mp3","text":"wrap","practiceId":4,"orderIndex":119,"levelId":null,"definition":"to cover or surround something with paper, cloth or other material","compCategoryId":null,"partOfSpeech":"verb","meaning1":"to cover or surround something with paper, cloth or other material","_tmp1":"she ______ed the present and tied it with ribbon."},{"id":8664,"audioSrc":"363.mp3","text":"unemployed","practiceId":4,"orderIndex":120,"levelId":null,"definition":"not having a job that provides money","compCategoryId":null,"partOfSpeech":"adjective","meaning1":"not having a job that provides money","_tmp1":"he's been ______ for over a year."},{"id":8611,"audioSrc":"310.mp3","text":"currency","practiceId":4,"orderIndex":121,"levelId":null,"definition":"the money that is used in a particular country at a particular time","compCategoryId":null,"partOfSpeech":"noun","meaning1":"the money that is used in a particular country at a particular time","_tmp1":"foreign ______"},{"id":8796,"audioSrc":"495.mp3","text":"argument","practiceId":4,"orderIndex":122,"levelId":null,"definition":"an angry discussion with someone in which you both disagree","compCategoryId":null,"partOfSpeech":"noun","meaning1":"an angry discussion with someone in which you both disagree","_tmp1":"he got into an ______ with a man in the restaurant last night."},{"id":8658,"audioSrc":"357.mp3","text":"promote","practiceId":4,"orderIndex":123,"levelId":null,"definition":"to give someone a more important job in the same organization","compCategoryId":null,"partOfSpeech":"verb","meaning1":"to give someone a more important job in the same organization","_tmp1":"if i'm not ______ within the next two years, i'm going to change jobs."},{"id":8669,"audioSrc":"368.mp3","text":"profession","practiceId":4,"orderIndex":124,"levelId":null,"definition":"a type of work that needs special training or education","compCategoryId":null,"partOfSpeech":"noun","meaning1":"a type of work that needs special training or education","_tmp1":"the report notes that forty per cent of lawyers entering the ______ are women."},{"id":8566,"audioSrc":"265.mp3","text":"approximately","practiceId":4,"orderIndex":125,"levelId":null,"definition":"close to a particular number or time although not exactly that number or time","compCategoryId":null,"partOfSpeech":"adverb","meaning1":"close to a particular number or time although not exactly that number or time","_tmp1":"the job will take ______ two weeks, and cost around $2000."},{"id":8607,"audioSrc":"306.mp3","text":"facility","practiceId":4,"orderIndex":126,"levelId":null,"definition":"a building or other place provided for a particular purpose","compCategoryId":null,"partOfSpeech":"noun","meaning1":"a building or other place provided for a particular purpose","_tmp1":"the team has training ______ in new york and florida."},{"id":8680,"audioSrc":"379.mp3","text":"champion","practiceId":4,"orderIndex":127,"levelId":null,"definition":"a person, animal, or team that wins a competition","compCategoryId":null,"partOfSpeech":"noun","meaning1":"a person, animal, or team that wins a competition","_tmp1":"she is the world ______ for the third year in a row."},{"id":8597,"audioSrc":"296.mp3","text":"ladder","practiceId":4,"orderIndex":128,"levelId":null,"definition":"a piece of equipment that is used to reach high places, consisting of short steps attached between two long sides","compCategoryId":null,"partOfSpeech":"noun","meaning1":"a piece of equipment that is used to reach high places, consisting of short steps attached between two long sides","_tmp1":"she was up on a ______, cleaning the window."},{"id":8785,"audioSrc":"484.mp3","text":"sweatshirt","practiceId":4,"orderIndex":129,"levelId":null,"definition":"a piece of clothing made of soft cotton which covers the top of your body and is pulled on over your head or zips up the front","compCategoryId":null,"partOfSpeech":"noun","meaning1":"a piece of clothing made of soft cotton which covers the top of your body and is pulled on over your head or zips up the front","_tmp1":"she was dressed casually in jeans and a ______."},{"id":8786,"audioSrc":"485.mp3","text":"sleeve","practiceId":4,"orderIndex":130,"levelId":null,"definition":"the part of a jacket, shirt, etc. that covers your arm","compCategoryId":null,"partOfSpeech":"noun","meaning1":"the part of a jacket, shirt, etc. that covers your arm","_tmp1":"the ______ are too long for me."},{"id":8686,"audioSrc":"385.mp3","text":"lightning","practiceId":4,"orderIndex":131,"levelId":null,"definition":"a sudden flash of brightness in the sky during a storm","compCategoryId":null,"partOfSpeech":"noun","meaning1":"a sudden flash of brightness in the sky during a storm","_tmp1":"that tree was struck by ______."},{"id":8670,"audioSrc":"369.mp3","text":"union","practiceId":4,"orderIndex":132,"levelId":null,"definition":"an organization that represents a group of people who do a particular job or who have the same goals","compCategoryId":null,"partOfSpeech":"noun","meaning1":"an organization that represents a group of people who do a particular job or who have the same goals","_tmp1":"the american civil liberties ______"},{"id":8752,"audioSrc":"451.mp3","text":"spider","practiceId":4,"orderIndex":133,"levelId":null,"definition":"a small creature with eight long legs which catches insects in a web","compCategoryId":null,"partOfSpeech":"noun","meaning1":"a small creature with eight long legs which catches insects in a web","_tmp1":"a ______ web"},{"id":8627,"audioSrc":"326.mp3","text":"enemy","practiceId":4,"orderIndex":134,"levelId":null,"definition":"a person who you dislike or oppose","compCategoryId":null,"partOfSpeech":"noun","meaning1":"a person who you dislike or oppose","_tmp1":"he's made a few ______ in this company."},{"id":8638,"audioSrc":"337.mp3","text":"document","practiceId":4,"orderIndex":135,"levelId":null,"definition":"a piece of text produced electronically on a computer","compCategoryId":null,"partOfSpeech":"noun","meaning1":"a piece of text produced electronically on a computer","_tmp1":"i'll send you the ______by email."},{"id":8595,"audioSrc":"294.mp3","text":"boil","practiceId":4,"orderIndex":136,"levelId":null,"definition":"to cook food in hot water","compCategoryId":null,"partOfSpeech":"verb","meaning1":"to cook food in hot water","_tmp1":"______ the potatoes until soft."},{"id":8648,"audioSrc":"347.mp3","text":"immigration","practiceId":4,"orderIndex":137,"levelId":null,"definition":"the place where people's official documents are checked when they enter a country at an airport, port, border, etc.","compCategoryId":null,"partOfSpeech":"noun","meaning1":"the place where people's official documents are checked when they enter a country at an airport, port, border, etc.","_tmp1":"after you've been through ______ (control), you can go and get your luggage."},{"id":8733,"audioSrc":"432.mp3","text":"easygoing","practiceId":4,"orderIndex":138,"levelId":null,"definition":"usually relaxed and calm, not worried or upset","compCategoryId":null,"partOfSpeech":"adjective","meaning1":"usually relaxed and calm, not worried or upset","_tmp1":"my brother is ______, but i'm the excitable type."},{"id":8666,"audioSrc":"365.mp3","text":"industry","practiceId":4,"orderIndex":139,"levelId":null,"definition":"the people and activities involved in one type of business","compCategoryId":null,"partOfSpeech":"noun","meaning1":"the people and activities involved in one type of business","_tmp1":"the computer ______ has been booming."},{"id":8676,"audioSrc":"375.mp3","text":"course","practiceId":4,"orderIndex":140,"levelId":null,"definition":"an area of land or water used for a sports event","compCategoryId":null,"partOfSpeech":"noun","meaning1":"an area of land or water used for a sports event","_tmp1":"a golf ______"},{"id":8728,"audioSrc":"427.mp3","text":"anxious","practiceId":4,"orderIndex":141,"levelId":null,"definition":"worried and nervous","compCategoryId":null,"partOfSpeech":"adjective","meaning1":"worried and nervous","_tmp1":"he's very ______ about his exams."},{"id":8630,"audioSrc":"329.mp3","text":"stall","practiceId":4,"orderIndex":142,"levelId":null,"definition":"a large table or a small shop with an open front from which goods are sold in a public place","compCategoryId":null,"partOfSpeech":"noun","meaning1":"a large table or a small shop with an open front from which goods are sold in a public place","_tmp1":"in the village market, the______ are piled high with local vegetables."},{"id":8645,"audioSrc":"344.mp3","text":"entry","practiceId":4,"orderIndex":143,"levelId":null,"definition":"the right or ability to come into or go into a place","compCategoryId":null,"partOfSpeech":"noun","meaning1":"the right or ability to come into or go into a place","_tmp1":"she was refused ______."},{"id":8744,"audioSrc":"443.mp3","text":"politics","practiceId":4,"orderIndex":144,"levelId":null,"definition":"ideas and activities relating to how a country or area is governed","compCategoryId":null,"partOfSpeech":"noun","meaning1":"ideas and activities relating to how a country or area is governed","_tmp1":"he has little interest in local ______."},{"id":8557,"audioSrc":"256.mp3","text":"distance","practiceId":4,"orderIndex":145,"levelId":null,"definition":"the amount of space between two places","compCategoryId":null,"partOfSpeech":"noun","meaning1":"the amount of space between two places","_tmp1":"what's the ______ between madrid and barcelona/from madrid to barcelona?"},{"id":8700,"audioSrc":"399.mp3","text":"routine","practiceId":4,"orderIndex":146,"levelId":null,"definition":"the things you regularly do and how and when you do them","compCategoryId":null,"partOfSpeech":"noun","meaning1":"the things you regularly do and how and when you do them","_tmp1":"getting coffee and a bagel was part of my daily ______."},{"id":8779,"audioSrc":"478.mp3","text":"tongue","practiceId":4,"orderIndex":147,"levelId":null,"definition":"the large soft piece of flesh in the mouth which you can move and which you use for tasting, speaking, etc.","compCategoryId":null,"partOfSpeech":"noun","meaning1":"the large soft piece of flesh in the mouth which you can move and which you use for tasting, speaking, etc.","_tmp1":"i burned my ______ on some soup last night."},{"id":8642,"audioSrc":"341.mp3","text":"traveler","practiceId":4,"orderIndex":148,"levelId":null,"definition":"someone who moves from one place to another","compCategoryId":null,"partOfSpeech":"noun","meaning1":"someone who moves from one place to another","_tmp1":"this hotel is for serious______, rather than tourists on two-week package holidays."},{"id":8762,"audioSrc":"461.mp3","text":"orchestra","practiceId":4,"orderIndex":149,"levelId":null,"definition":"a large group of musicians who play different instruments together","compCategoryId":null,"partOfSpeech":"noun","meaning1":"a large group of musicians who play different instruments together","_tmp1":"she's a violinist with/in the boston symphony ______."},{"id":8749,"audioSrc":"448.mp3","text":"kangaroo","practiceId":4,"orderIndex":150,"levelId":null,"definition":"a large australian animal that moves by jumping on its back legs","compCategoryId":null,"partOfSpeech":"noun","meaning1":"a large australian animal that moves by jumping on its back legs","_tmp1":"______ are a danger on the roads."},{"id":8768,"audioSrc":"467.mp3","text":"audience","practiceId":4,"orderIndex":151,"levelId":null,"definition":"the people who sit and watch a performance at a theater, hall, outdoors, etc.","compCategoryId":null,"partOfSpeech":"noun","meaning1":"the people who sit and watch a performance at a theater, hall, outdoors, etc.","_tmp1":"there were a lot of children in the ______."},{"id":8677,"audioSrc":"376.mp3","text":"court","practiceId":4,"orderIndex":152,"levelId":null,"definition":"an area drawn out on the ground that is used for playing sports such as tennis and basketball","compCategoryId":null,"partOfSpeech":"noun","meaning1":"an area drawn out on the ground that is used for playing sports such as tennis and basketball","_tmp1":"they were penalized for having too many players on the ______."},{"id":8604,"audioSrc":"303.mp3","text":"palace","practiceId":4,"orderIndex":153,"levelId":null,"definition":"a very large building where a king, queen or president lives","compCategoryId":null,"partOfSpeech":"noun","meaning1":"a very large building where a king, queen or president lives","_tmp1":"a royal/presidential______"},{"id":8690,"audioSrc":"389.mp3","text":"flood","practiceId":4,"orderIndex":154,"levelId":null,"definition":"if a place ______s or is ______ed, it becomes covered in water.","compCategoryId":null,"partOfSpeech":"verb","meaning1":"if a place ______s or is ______ed, it becomes covered in water.","_tmp1":"our washing machine broke down yesterday and ______ the kitchen."},{"id":8585,"audioSrc":"284.mp3","text":"cabbage","practiceId":4,"orderIndex":155,"levelId":null,"definition":"a large round vegetable with green, white or purple leaves, which can be eaten cooked or raw","compCategoryId":null,"partOfSpeech":"noun","meaning1":"a large round vegetable with green, white or purple leaves, which can be eaten cooked or raw","_tmp1":"red/white ______"},{"id":8742,"audioSrc":"441.mp3","text":"political","practiceId":4,"orderIndex":156,"levelId":null,"definition":"relating to the government or public affairs of a country.","compCategoryId":null,"partOfSpeech":"adjective","meaning1":"relating to the government or public affairs of a country.","_tmp1":"______ leaders/parties"},{"id":8711,"audioSrc":"410.mp3","text":"mustache","practiceId":4,"orderIndex":157,"levelId":null,"definition":"a line of hair that some men grow above their mouths","compCategoryId":null,"partOfSpeech":"noun","meaning1":"a line of hair that some men grow above their mouths","_tmp1":"groucho marx had a thick black ______."},{"id":8659,"audioSrc":"358.mp3","text":"retire","practiceId":4,"orderIndex":158,"levelId":null,"definition":"to leave your job and stop working, usually because you are old","compCategoryId":null,"partOfSpeech":"noun","meaning1":"to leave your job and stop working, usually because you are old","_tmp1":"he is due to ______ as chief executive next year."},{"id":8654,"audioSrc":"353.mp3","text":"destination","practiceId":4,"orderIndex":159,"levelId":null,"definition":"the place where someone or something is going","compCategoryId":null,"partOfSpeech":"noun","meaning1":"the place where someone or something is going","_tmp1":"we arrived at our ______tired and hungry."},{"id":8651,"audioSrc":"350.mp3","text":"reservation","practiceId":4,"orderIndex":160,"levelId":null,"definition":"an arrangement that you make to have a seat on an aircraft, a room in a hotel, etc.","compCategoryId":null,"partOfSpeech":"noun","meaning1":"an arrangement that you make to have a seat on an aircraft, a room in a hotel, etc.","_tmp1":"i made a ______ at the restaurant for 7 o’clock."},{"id":8775,"audioSrc":"474.mp3","text":"illness","practiceId":4,"orderIndex":161,"levelId":null,"definition":"a disease of the body or mind","compCategoryId":null,"partOfSpeech":"noun","meaning1":"a disease of the body or mind","_tmp1":"he died at home after a long ______."},{"id":8619,"audioSrc":"318.mp3","text":"friendship","practiceId":4,"orderIndex":162,"levelId":null,"definition":"s a relationship of mutual affection between people.","compCategoryId":null,"partOfSpeech":"noun","meaning1":"s a relationship of mutual affection between people.","_tmp1":"i value her ______ above anything else."},{"id":8794,"audioSrc":"493.mp3","text":"extremely","practiceId":4,"orderIndex":163,"levelId":null,"definition":"very, or much more than usual","compCategoryId":null,"partOfSpeech":"adverb","meaning1":"very, or much more than usual","_tmp1":"she's ______ beautiful/intelligent."},{"id":8673,"audioSrc":"372.mp3","text":"director","practiceId":4,"orderIndex":164,"levelId":null,"definition":"an important manager in an organization or company","compCategoryId":null,"partOfSpeech":"noun","meaning1":"an important manager in an organization or company","_tmp1":"she was appointed ______ of the new information center."},{"id":8637,"audioSrc":"336.mp3","text":"electronic","practiceId":4,"orderIndex":165,"levelId":null,"definition":"done by computers","compCategoryId":null,"partOfSpeech":"adjective","meaning1":"done by computers","_tmp1":"______communication"},{"id":8722,"audioSrc":"421.mp3","text":"serious","practiceId":4,"orderIndex":166,"levelId":null,"definition":"a ______ person does not laugh often","compCategoryId":null,"partOfSpeech":"adjective","meaning1":"a ______ person does not laugh often","_tmp1":"i remember her as a very ______ child."},{"id":8737,"audioSrc":"436.mp3","text":"helpful","practiceId":4,"orderIndex":167,"levelId":null,"definition":"useful","compCategoryId":null,"partOfSpeech":"adjective","meaning1":"useful","_tmp1":"she's such a sweet, ______ girl!"},{"id":8763,"audioSrc":"462.mp3","text":"gallery","practiceId":4,"orderIndex":168,"levelId":null,"definition":"a room or building which is used for showing works of art","compCategoryId":null,"partOfSpeech":"noun","meaning1":"a room or building which is used for showing works of art","_tmp1":"the national portrait ______"},{"id":8667,"audioSrc":"366.mp3","text":"employee","practiceId":4,"orderIndex":169,"levelId":null,"definition":"someone who is paid to work for someone else","compCategoryId":null,"partOfSpeech":"noun","meaning1":"someone who is paid to work for someone else","_tmp1":"she's a former council ______ of the council."},{"id":8653,"audioSrc":"352.mp3","text":"expedition","practiceId":4,"orderIndex":170,"levelId":null,"definition":"an organized journey, especially a long one for a particular purpose","compCategoryId":null,"partOfSpeech":"noun","meaning1":"an organized journey, especially a long one for a particular purpose","_tmp1":"shackleton led several ______ in the antarctic."},{"id":8725,"audioSrc":"424.mp3","text":"annoying","practiceId":4,"orderIndex":171,"levelId":null,"definition":"causing irritation","compCategoryId":null,"partOfSpeech":"adjective","meaning1":"causing irritation","_tmp1":"he's got a really ______ laugh."},{"id":8745,"audioSrc":"444.mp3","text":"cattle","practiceId":4,"orderIndex":172,"levelId":null,"definition":"male and female cows kept on a farm for their milk or meat","compCategoryId":null,"partOfSpeech":"noun","meaning1":"male and female cows kept on a farm for their milk or meat","_tmp1":"beef/dairy ______"},{"id":8724,"audioSrc":"423.mp3","text":"generous","practiceId":4,"orderIndex":173,"levelId":null,"definition":"willing to give other people money, help, kindness, etc","compCategoryId":null,"partOfSpeech":"adjective","meaning1":"willing to give other people money, help, kindness, etc","_tmp1":"she's been very ______ with her time"},{"id":8628,"audioSrc":"327.mp3","text":"checkout","practiceId":4,"orderIndex":174,"levelId":null,"definition":"the place in a store, especially a large food store, where you pay for the things you are buying","compCategoryId":null,"partOfSpeech":"noun","meaning1":"the place in a store, especially a large food store, where you pay for the things you are buying","_tmp1":"she works at the ______ at the local supermarket."},{"id":8649,"audioSrc":"348.mp3","text":"route","practiceId":4,"orderIndex":175,"levelId":null,"definition":"the roads or paths you follow to get from one place to another place","compCategoryId":null,"partOfSpeech":"noun","meaning1":"the roads or paths you follow to get from one place to another place","_tmp1":"i'm just planning my ______."},{"id":8594,"audioSrc":"293.mp3","text":"hunger","practiceId":4,"orderIndex":176,"levelId":null,"definition":"the feeling you have when you need to eat or have not eaten enough","compCategoryId":null,"partOfSpeech":"noun","meaning1":"the feeling you have when you need to eat or have not eaten enough","_tmp1":"drinks don't satisfy your ______ the way solid food does."},{"id":8650,"audioSrc":"349.mp3","text":"cyclist","practiceId":4,"orderIndex":177,"levelId":null,"definition":"someone who rides a bike","compCategoryId":null,"partOfSpeech":"noun","meaning1":"someone who rides a bike","_tmp1":"he drove into a ______."},{"id":8718,"audioSrc":"417.mp3","text":"adult","practiceId":4,"orderIndex":178,"levelId":null,"definition":"a person or animal that has grown to full size and strength","compCategoryId":null,"partOfSpeech":"noun","meaning1":"a person or animal that has grown to full size and strength","_tmp1":"______ pay an admission charge but children get in free."},{"id":8753,"audioSrc":"452.mp3","text":"penguin","practiceId":4,"orderIndex":179,"levelId":null,"definition":"a large, black-and-white sea bird that swims and cannot fly","compCategoryId":null,"partOfSpeech":"noun","meaning1":"a large, black-and-white sea bird that swims and cannot fly","_tmp1":"a row of ______ stood at the water's edge."},{"id":8754,"audioSrc":"453.mp3","text":"fiction","practiceId":4,"orderIndex":180,"levelId":null,"definition":"literature and stories about imaginary characters and events","compCategoryId":null,"partOfSpeech":"noun","meaning1":"literature and stories about imaginary characters and events","_tmp1":"the book is a work of ______ and not intended as a historical account."},{"id":8636,"audioSrc":"335.mp3","text":"technology","practiceId":4,"orderIndex":181,"levelId":null,"definition":"knowledge, equipment, and methods that are used in science and industry","compCategoryId":null,"partOfSpeech":"noun","meaning1":"knowledge, equipment, and methods that are used in science and industry","_tmp1":"computer technology"},{"id":8764,"audioSrc":"463.mp3","text":"romantic","practiceId":4,"orderIndex":182,"levelId":null,"definition":"relating to a story about love","compCategoryId":null,"partOfSpeech":"adjective","meaning1":"relating to a story about love","_tmp1":"a ______ comedy"},{"id":8756,"audioSrc":"455.mp3","text":"commercial","practiceId":4,"orderIndex":183,"levelId":null,"definition":"an advertisement on the radio, on television, etc.","compCategoryId":null,"partOfSpeech":"noun","meaning1":"an advertisement on the radio, on television, etc.","_tmp1":"i turn the sound off during the ______."},{"id":8721,"audioSrc":"420.mp3","text":"peaceful","practiceId":4,"orderIndex":184,"levelId":null,"definition":"quiet and calm","compCategoryId":null,"partOfSpeech":"adjective","meaning1":"quiet and calm","_tmp1":"a ______ afternoon/place"},{"id":8706,"audioSrc":"405.mp3","text":"transfer","practiceId":4,"orderIndex":185,"levelId":null,"definition":"to move someone or something from one place to another","compCategoryId":null,"partOfSpeech":"verb","meaning1":"to move someone or something from one place to another","_tmp1":"police are investigating how $20 million was illegally ______ from the trust's bank account."},{"id":8665,"audioSrc":"364.mp3","text":"benefit","practiceId":4,"orderIndex":186,"levelId":null,"definition":"a helpful service employees receive in addition to their pay","compCategoryId":null,"partOfSpeech":"noun","meaning1":"a helpful service employees receive in addition to their pay","_tmp1":"the personnel director outlined the employee______ -- health insurance, retirement plan, etc."},{"id":8565,"audioSrc":"264.mp3","text":"extraordinary","practiceId":4,"orderIndex":187,"levelId":null,"definition":"very special, unusual or strange","compCategoryId":null,"partOfSpeech":"adjective","meaning1":"very special, unusual or strange","_tmp1":"he told the ______ story of his escape."},{"id":8554,"audioSrc":"253.mp3","text":"criminal","practiceId":4,"orderIndex":188,"levelId":null,"definition":"is someone who breaks the law.","compCategoryId":null,"partOfSpeech":"noun","meaning1":"is someone who breaks the law.","_tmp1":"a dangerous/violent _____"},{"id":8582,"audioSrc":"281.mp3","text":"degree","practiceId":4,"orderIndex":189,"levelId":null,"definition":"a title of achievement given for completing a course of study at a college or university","compCategoryId":null,"partOfSpeech":"noun","meaning1":"a title of achievement given for completing a course of study at a college or university","_tmp1":"she's got a physics ______ in physics from princeton."},{"id":8644,"audioSrc":"343.mp3","text":"cruise","practiceId":4,"orderIndex":190,"levelId":null,"definition":"a vacation on a large ship, sailing from place to place","compCategoryId":null,"partOfSpeech":"noun","meaning1":"a vacation on a large ship, sailing from place to place","_tmp1":"my parents are going on a______ this summer."},{"id":8589,"audioSrc":"288.mp3","text":"ingredient","practiceId":4,"orderIndex":191,"levelId":null,"definition":"a food that is used with other foods in the preparation of a particular dish","compCategoryId":null,"partOfSpeech":"noun","meaning1":"a food that is used with other foods in the preparation of a particular dish","_tmp1":"the list of _____ included 1/2 cup of almonds."},{"id":8792,"audioSrc":"491.mp3","text":"complaint","practiceId":4,"orderIndex":192,"levelId":null,"definition":"when someone says that something is wrong or not satisfactory","compCategoryId":null,"partOfSpeech":"noun","meaning1":"when someone says that something is wrong or not satisfactory","_tmp1":"i've made a ______ to the police about the noise."},{"id":8784,"audioSrc":"483.mp3","text":"pantyhose","practiceId":4,"orderIndex":193,"levelId":null,"definition":"a piece of women's clothing made of thin material that covers body below the waist, including the legs","compCategoryId":null,"partOfSpeech":"noun","meaning1":"a piece of women's clothing made of thin material that covers body below the waist, including the legs","_tmp1":"she bought a new pair of ______."},{"id":8797,"audioSrc":"496.mp3","text":"conference","practiceId":4,"orderIndex":194,"levelId":null,"definition":"a large, formal meeting, often lasting a few days, where people discuss their work, politics, subjects they are studying, etc.","compCategoryId":null,"partOfSpeech":"noun","meaning1":"a large, formal meeting, often lasting a few days, where people discuss their work, politics, subjects they are studying, etc.","_tmp1":"they frequently hold ______ at the hotel."},{"id":8769,"audioSrc":"468.mp3","text":"exhibition","practiceId":4,"orderIndex":195,"levelId":null,"definition":"when objects such as paintings are shown to the public","compCategoryId":null,"partOfSpeech":"noun","meaning1":"when objects such as paintings are shown to the public","_tmp1":"there's a new ______ of sculpture on at the main gallery."},{"id":8555,"audioSrc":"254.mp3","text":"arrest","practiceId":4,"orderIndex":196,"levelId":null,"definition":"if the police _____ someone, they take them away to ask them about a crime which they might have committed.","compCategoryId":null,"partOfSpeech":"verb","meaning1":"if the police _____ someone, they take them away to ask them about a crime which they might have committed.","_tmp1":"she was _____ for drinking and driving."},{"id":8641,"audioSrc":"340.mp3","text":"backpacking","practiceId":4,"orderIndex":197,"levelId":null,"definition":"when you travel around an area without spending much money, carrying kit bag","compCategoryId":null,"partOfSpeech":"noun","meaning1":"when you travel around an area without spending much money, carrying kit bag","_tmp1":"i went ______ when i was a student."},{"id":8743,"audioSrc":"442.mp3","text":"government","practiceId":4,"orderIndex":198,"levelId":null,"definition":"the group of people who officially control a country","compCategoryId":null,"partOfSpeech":"noun","meaning1":"the group of people who officially control a country","_tmp1":"the ______ has recently cut taxes."},{"id":8562,"audioSrc":"261.mp3","text":"enormous","practiceId":4,"orderIndex":199,"levelId":null,"definition":"extremely large","compCategoryId":null,"partOfSpeech":"adjective","meaning1":"extremely large","_tmp1":"an ______car/house"},{"id":8647,"audioSrc":"346.mp3","text":"souvenir","practiceId":4,"orderIndex":200,"levelId":null,"definition":"something which you buy or keep to remember a special event or holiday","compCategoryId":null,"partOfSpeech":"noun","meaning1":"something which you buy or keep to remember a special event or holiday","_tmp1":"i kept the ticket as a ______ of my trip."},{"id":8735,"audioSrc":"434.mp3","text":"honest","practiceId":4,"orderIndex":201,"levelId":null,"definition":"sincere and telling the truth","compCategoryId":null,"partOfSpeech":"adjective","meaning1":"sincere and telling the truth","_tmp1":"if you want my ______ answer/opinion, i think your hair looks awful."},{"id":8662,"audioSrc":"361.mp3","text":"manage","practiceId":4,"orderIndex":202,"levelId":null,"definition":"to be in control of an office, store, team, etc.","compCategoryId":null,"partOfSpeech":"noun","meaning1":"to be in control of an office, store, team, etc.","_tmp1":"she used to ______ the bookstore on king street."},{"id":8579,"audioSrc":"278.mp3","text":"exchange","practiceId":4,"orderIndex":203,"levelId":null,"definition":"an arrangement by which students and teachers from one country go to stay with students and teachers in another country","compCategoryId":null,"partOfSpeech":"noun","meaning1":"an arrangement by which students and teachers from one country go to stay with students and teachers in another country","_tmp1":"an arrangement by which students and teachers from one country go to stay with students and teachers in another country"},{"id":8610,"audioSrc":"309.mp3","text":"loan","practiceId":4,"orderIndex":204,"levelId":null,"definition":"money that someone has borrowed","compCategoryId":null,"partOfSpeech":"noun","meaning1":"money that someone has borrowed","_tmp1":"we'd have to get a______to be able to buy a car."},{"id":8598,"audioSrc":"297.mp3","text":"faucet","practiceId":4,"orderIndex":205,"levelId":null,"definition":"the part at the end of a pipe that controls the flow of water","compCategoryId":null,"partOfSpeech":"noun","meaning1":"the part at the end of a pipe that controls the flow of water","_tmp1":"the _____ in the bathroom sink is leaking."},{"id":8751,"audioSrc":"450.mp3","text":"camel","practiceId":4,"orderIndex":206,"levelId":null,"definition":"a large animal that lives in the desert and has one or two raised parts on its back","compCategoryId":null,"partOfSpeech":"noun","meaning1":"a large animal that lives in the desert and has one or two raised parts on its back","_tmp1":"have you ever ridden a ______?"},{"id":8781,"audioSrc":"480.mp3","text":"pullover","practiceId":4,"orderIndex":207,"levelId":null,"definition":"a warm piece of clothing that covers the top of your body and is pulled on over your head","compCategoryId":null,"partOfSpeech":"noun","meaning1":"a warm piece of clothing that covers the top of your body and is pulled on over your head","_tmp1":"wool ______"},{"id":8558,"audioSrc":"257.mp3","text":"unpleasant","practiceId":4,"orderIndex":208,"levelId":null,"definition":"not enjoyable","compCategoryId":null,"partOfSpeech":"adjective","meaning1":"not enjoyable","_tmp1":"an _____ experience/smell"},{"id":8601,"audioSrc":"300.mp3","text":"laboratory","practiceId":4,"orderIndex":209,"levelId":null,"definition":"a room used for scientific work","compCategoryId":null,"partOfSpeech":"noun","meaning1":"a room used for scientific work","_tmp1":"a computer______"},{"id":8553,"audioSrc":"252.mp3","text":"murderer","practiceId":4,"orderIndex":210,"levelId":null,"definition":"someone who kills","compCategoryId":null,"partOfSpeech":"noun","meaning1":"someone who kills","_tmp1":"a mass _____"},{"id":8691,"audioSrc":"390.mp3","text":"earth","practiceId":4,"orderIndex":211,"levelId":null,"definition":"the planet that we live on","compCategoryId":null,"partOfSpeech":"noun","meaning1":"the planet that we live on","_tmp1":"the _____takes approximately 365 days to go round the sun."},{"id":8689,"audioSrc":"388.mp3","text":"region","practiceId":4,"orderIndex":212,"levelId":null,"definition":"a particular area in a country or the world","compCategoryId":null,"partOfSpeech":"noun","meaning1":"a particular area in a country or the world","_tmp1":"the south-west ______"},{"id":8622,"audioSrc":"321.mp3","text":"nephew","practiceId":4,"orderIndex":213,"levelId":null,"definition":"a son of your sister or brother, or a son of the sister or brother of your husband or wife","compCategoryId":null,"partOfSpeech":"noun","meaning1":"a son of your sister or brother, or a son of the sister or brother of your husband or wife","_tmp1":"my ______is 21 today."},{"id":8720,"audioSrc":"419.mp3","text":"sensible","practiceId":4,"orderIndex":214,"levelId":null,"definition":"showing good judgment","compCategoryId":null,"partOfSpeech":"adjective","meaning1":"showing good judgment","_tmp1":"it would be ______ to take an umbrella."},{"id":8698,"audioSrc":"397.mp3","text":"explore","practiceId":4,"orderIndex":215,"levelId":null,"definition":"to go around a place where you have never been in order to find out what is there","compCategoryId":null,"partOfSpeech":"verb","meaning1":"to go around a place where you have never been in order to find out what is there","_tmp1":"the best way to ______ the countryside is on foot."},{"id":8776,"audioSrc":"475.mp3","text":"operation","practiceId":4,"orderIndex":216,"levelId":null,"definition":"a medical procedure where a doctor cuts someone's body to remove or repair part of it","compCategoryId":null,"partOfSpeech":"noun","meaning1":"a medical procedure where a doctor cuts someone's body to remove or repair part of it","_tmp1":"he's got to have an ______ on his shoulder."},{"id":8678,"audioSrc":"377.mp3","text":"training","practiceId":4,"orderIndex":217,"levelId":null,"definition":"preparation for a sport or competition","compCategoryId":null,"partOfSpeech":"noun","meaning1":"preparation for a sport or competition","_tmp1":"football ______"},{"id":8787,"audioSrc":"486.mp3","text":"signature","practiceId":4,"orderIndex":218,"levelId":null,"definition":"your name written by yourself, always in the same way, usually to show that something has been written or agreed by you","compCategoryId":null,"partOfSpeech":"noun","meaning1":"your name written by yourself, always in the same way, usually to show that something has been written or agreed by you","_tmp1":"please put your ______ in this box."},{"id":8570,"audioSrc":"269.mp3","text":"marvelous","practiceId":4,"orderIndex":219,"levelId":null,"definition":"extremely good","compCategoryId":null,"partOfSpeech":"adjective","meaning1":"extremely good","_tmp1":"i thought it was a ______ movie."},{"id":8729,"audioSrc":"428.mp3","text":"confident","practiceId":4,"orderIndex":220,"levelId":null,"definition":"certain about your ability to do things well","compCategoryId":null,"partOfSpeech":"adjective","meaning1":"certain about your ability to do things well","_tmp1":"he feels ______ of winning."},{"id":8738,"audioSrc":"437.mp3","text":"security","practiceId":4,"orderIndex":221,"levelId":null,"definition":"protection of a person, building, organization or country against threats such as crime or attacks by foreign countries","compCategoryId":null,"partOfSpeech":"adjective","meaning1":"protection of a person, building, organization or country against threats such as crime or attacks by foreign countries","_tmp1":"for ______ reasons, they felt it necessary to close the avenue."},{"id":8734,"audioSrc":"433.mp3","text":"talent","practiceId":4,"orderIndex":222,"levelId":null,"definition":"a natural ability to do something","compCategoryId":null,"partOfSpeech":"noun","meaning1":"a natural ability to do something","_tmp1":"her ______ for music showed at an early age"},{"id":8759,"audioSrc":"458.mp3","text":"scene","practiceId":4,"orderIndex":223,"levelId":null,"definition":"a short part of a film, play, or book in which the events happen in one place","compCategoryId":null,"partOfSpeech":"noun","meaning1":"a short part of a film, play, or book in which the events happen in one place","_tmp1":"the opening ______ of the movie was filmed in montreal."},{"id":8732,"audioSrc":"431.mp3","text":"hopeless","practiceId":4,"orderIndex":224,"levelId":null,"definition":"feeling or causing despair","compCategoryId":null,"partOfSpeech":"adjective","meaning1":"feeling or causing despair","_tmp1":"they searched for survivors but it was ______."},{"id":8603,"audioSrc":"302.mp3","text":"tower","practiceId":4,"orderIndex":225,"levelId":null,"definition":"a very tall, narrow building, or part of a building","compCategoryId":null,"partOfSpeech":"noun","meaning1":"a very tall, narrow building, or part of a building","_tmp1":"the eiffel ______"},{"id":8663,"audioSrc":"362.mp3","text":"assistant","practiceId":4,"orderIndex":226,"levelId":null,"definition":"someone whose job is to help a person who has a more important job","compCategoryId":null,"partOfSpeech":"noun","meaning1":"someone whose job is to help a person who has a more important job","_tmp1":"an administrative ______"},{"id":8793,"audioSrc":"492.mp3","text":"approve","practiceId":4,"orderIndex":227,"levelId":null,"definition":"to allow or officially agree to something","compCategoryId":null,"partOfSpeech":"verb","meaning1":"to allow or officially agree to something","_tmp1":"the town has ______ plans for a new shopping center."},{"id":8617,"audioSrc":"316.mp3","text":"marriage","practiceId":4,"orderIndex":228,"levelId":null,"definition":"a legally accepted relationship between two people in which they live together","compCategoryId":null,"partOfSpeech":"noun","meaning1":"a legally accepted relationship between two people in which they live together","_tmp1":"they had a long and happy ______."},{"id":8696,"audioSrc":"395.mp3","text":"replace","practiceId":4,"orderIndex":229,"levelId":null,"definition":"to start using another thing or person instead of the one that you are using now","compCategoryId":null,"partOfSpeech":"verb","meaning1":"to start using another thing or person instead of the one that you are using now","_tmp1":"we're thinking of______ing our old tv with a new one."},{"id":8772,"audioSrc":"471.mp3","text":"forehead","practiceId":4,"orderIndex":230,"levelId":null,"definition":"the flat part of the face, above the eyes and below the hair","compCategoryId":null,"partOfSpeech":"noun","meaning1":"the flat part of the face, above the eyes and below the hair","_tmp1":"she's got a high ______."},{"id":8704,"audioSrc":"403.mp3","text":"develop","practiceId":4,"orderIndex":231,"levelId":null,"definition":"to make something new such as a product","compCategoryId":null,"partOfSpeech":"verb","meaning1":"to make something new such as a product","_tmp1":"scientists are ______ new drugs all the time."},{"id":8761,"audioSrc":"460.mp3","text":"publish","practiceId":4,"orderIndex":232,"levelId":null,"definition":"to make information available to people, especially in a book, magazine or newspaper, or to produce and sell a book, magazine or newspaper","compCategoryId":null,"partOfSpeech":"verb","meaning1":"to make information available to people, especially in a book, magazine or newspaper, or to produce and sell a book, magazine or newspaper","_tmp1":"she just had an article ______ in their weekend supplement."},{"id":8613,"audioSrc":"312.mp3","text":"bill","practiceId":4,"orderIndex":233,"levelId":null,"definition":"a piece of paper that tells you how much you must pay for something you have bought or for a service you have used","compCategoryId":null,"partOfSpeech":"noun","meaning1":"a piece of paper that tells you how much you must pay for something you have bought or for a service you have used","_tmp1":"an electricity/gas/phone ______"},{"id":8578,"audioSrc":"277.mp3","text":"science","practiceId":4,"orderIndex":234,"levelId":null,"definition":"the study and knowledge of the structure and behavior of natural things in an organized way","compCategoryId":null,"partOfSpeech":"noun","meaning1":"the study and knowledge of the structure and behavior of natural things in an organized way","_tmp1":"a ______ class"},{"id":8608,"audioSrc":"307.mp3","text":"account","practiceId":4,"orderIndex":235,"levelId":null,"definition":"an arrangement with a bank to keep your money there and to allow you to take it out when you need to","compCategoryId":null,"partOfSpeech":"noun","meaning1":"an arrangement with a bank to keep your money there and to allow you to take it out when you need to","_tmp1":"i've opened an ______ at another bank."},{"id":8688,"audioSrc":"387.mp3","text":"frozen","practiceId":4,"orderIndex":236,"levelId":null,"definition":"______ food has been made so that it will last a long time by freezing.","compCategoryId":null,"partOfSpeech":"adjective","meaning1":"______ food has been made so that it will last a long time by freezing.","_tmp1":"we don't have any fresh vegetables, only ______ peas."},{"id":8616,"audioSrc":"315.mp3","text":"anniversary","practiceId":4,"orderIndex":237,"levelId":null,"definition":"the day on which an important event happened in a previous year","compCategoryId":null,"partOfSpeech":"noun","meaning1":"the day on which an important event happened in a previous year","_tmp1":"tomorrow is the fiftieth ______ of the revolution."},{"id":8640,"audioSrc":"339.mp3","text":"electricity","practiceId":4,"orderIndex":238,"levelId":null,"definition":"a form of energy resulting from the existence of charged particles (such as electrons or protons), either statically as an accumulation of charge or dynamically as a current.","compCategoryId":null,"partOfSpeech":"adjective","meaning1":"a form of energy resulting from the existence of charged particles (such as electrons or protons), either statically as an accumulation of charge or dynamically as a current.","_tmp1":"______ wiring/equipment"},{"id":8719,"audioSrc":"418.mp3","text":"powerful","practiceId":4,"orderIndex":239,"levelId":null,"definition":"a ______ person is able to control and influence people and events.","compCategoryId":null,"partOfSpeech":"adjective","meaning1":"a ______ person is able to control and influence people and events.","_tmp1":"a ______ man/woman"},{"id":8556,"audioSrc":"255.mp3","text":"pirate","practiceId":4,"orderIndex":240,"levelId":null,"definition":"someone who attacks ships and steals from them","compCategoryId":null,"partOfSpeech":"noun","meaning1":"someone who attacks ships and steals from them","_tmp1":"the_____ held the ship's captain prisoner and demanded money for his release"},{"id":8674,"audioSrc":"373.mp3","text":"organization","practiceId":4,"orderIndex":241,"levelId":null,"definition":"an official group of people who work together for the same purpose","compCategoryId":null,"partOfSpeech":"noun","meaning1":"an official group of people who work together for the same purpose","_tmp1":"the article was about international aid _____."},{"id":8612,"audioSrc":"311.mp3","text":"penny","practiceId":4,"orderIndex":242,"levelId":null,"definition":"a coin or unit of money with a value of one hundredth of a dollar","compCategoryId":null,"partOfSpeech":"noun","meaning1":"a coin or unit of money with a value of one hundredth of a dollar","_tmp1":"have you got a ______? the bill comes to $14.01 and i don't have one."},{"id":8584,"audioSrc":"283.mp3","text":"grade","practiceId":4,"orderIndex":243,"levelId":null,"definition":"a school class or group of classes in which all the children are of a similar age or ability","compCategoryId":null,"partOfSpeech":"noun","meaning1":"a school class or group of classes in which all the children are of a similar age or ability","_tmp1":"jackie is in the sixth ______."},{"id":8577,"audioSrc":"276.mp3","text":"scientific","practiceId":4,"orderIndex":244,"levelId":null,"definition":"relating to the study of structure and behavior of the natural and physical world","compCategoryId":null,"partOfSpeech":"adjective","meaning1":"relating to the study of structure and behavior of the natural and physical world","_tmp1":"a ______discovery/experiment/theory"},{"id":8576,"audioSrc":"275.mp3","text":"graduation","practiceId":4,"orderIndex":245,"levelId":null,"definition":"a ceremony at which students are given a certificate stating a course of study has been successfully completed or a degree has been awarded","compCategoryId":null,"partOfSpeech":"noun","meaning1":"a ceremony at which students are given a certificate stating a course of study has been successfully completed or a degree has been awarded","_tmp1":"ann decided not to go to ______."},{"id":8778,"audioSrc":"477.mp3","text":"disabled","practiceId":4,"orderIndex":246,"levelId":null,"definition":"having an illness, injury or condition that makes it difficult to do the things that most people do","compCategoryId":null,"partOfSpeech":"adjective","meaning1":"having an illness, injury or condition that makes it difficult to do the things that most people do","_tmp1":"the accident left him severely ______."},{"id":8710,"audioSrc":"409.mp3","text":"sunbathe","practiceId":4,"orderIndex":247,"levelId":null,"definition":"to sit or lie in the sun","compCategoryId":null,"partOfSpeech":"verb","meaning1":"to sit or lie in the sun","_tmp1":"we spent the day ______ing on the beach."},{"id":8741,"audioSrc":"440.mp3","text":"public","practiceId":4,"orderIndex":248,"levelId":null,"definition":"an announcement/appearance/statement, etc. that can be seen or heard or known by everyone","compCategoryId":null,"partOfSpeech":"verb/noun","meaning1":"an announcement/appearance/statement, etc. that can be seen or heard or known by everyone","_tmp1":"the governor is due to make a ______ statement later today."},{"id":8713,"audioSrc":"412.mp3","text":"appearance","practiceId":4,"orderIndex":249,"levelId":null,"definition":"the way a person or thing looks to other people","compCategoryId":null,"partOfSpeech":"noun","meaning1":"the way a person or thing looks to other people","_tmp1":"the buildings are very similar in _____."}]